epoch,time,train/box_loss,train/cls_loss,train/dfl_loss,metrics/precision(B),metrics/recall(B),metrics/mAP50(B),metrics/mAP50-95(B),val/box_loss,val/cls_loss,val/dfl_loss,lr/pg0,lr/pg1,lr/pg2
1,33.9889,3.79762,8.29669,2.79749,0.0001,0.00667,0,0,2.98033,7.85202,2.32088,0.00020004,0.00020004,0.00020004
2,54.8035,3.03585,7.15006,1.9575,0.00356,0.13446,0.00114,0.0002,2.59769,7.43828,1.96595,0.000412624,0.000412624,0.000412624
3,73.9094,2.77004,6.02015,1.73892,0.00473,0.08846,0.00362,0.00146,2.64712,8.74757,2.24838,0.000620917,0.000620917,0.000620917
4,95.7072,2.61217,5.3781,1.72158,0.6042,0.06461,0.0414,0.01001,2.37939,6.88737,2.00376,0.00082492,0.00082492,0.00082492
5,114.718,2.57165,5.2302,1.70006,0.58826,0.08708,0.04709,0.01058,2.35905,7.0636,2.02223,0.00102463,0.00102463,0.00102463
6,135.674,2.50383,5.19107,1.67134,0.57946,0.05414,0.03498,0.0086,2.79269,6.85193,2.22279,0.00122005,0.00122005,0.00122005
7,154.177,2.54021,5.25631,1.71839,0.00948,0.17064,0.02174,0.00598,3.12697,7.09012,2.5189,0.00141118,0.00141118,0.00141118
8,174.109,2.50246,5.08462,1.64087,0.61016,0.17978,0.0843,0.02557,2.47054,4.82928,2.00374,0.00155148,0.00155148,0.00155148
9,194.043,2.47922,5.02829,1.67962,0.60856,0.17135,0.09107,0.03016,2.35988,5.13964,1.82965,0.00153497,0.00153497,0.00153497
10,213.899,2.44077,4.7681,1.64553,0.61287,0.22191,0.09765,0.03203,2.20475,4.47981,1.64992,0.00151847,0.00151847,0.00151847
11,234.194,2.47795,4.88339,1.6202,0.61245,0.18258,0.08103,0.02782,2.29589,4.28484,1.76951,0.00150197,0.00150197,0.00150197
12,253.001,2.40133,4.83807,1.60134,0.61917,0.14888,0.08381,0.02811,2.37469,4.55198,1.87521,0.00148546,0.00148546,0.00148546
13,271.879,2.3947,4.67316,1.63835,0.64578,0.17416,0.1166,0.0393,2.43264,4.53214,1.84401,0.00146896,0.00146896,0.00146896
14,291.409,2.42394,4.78669,1.60671,0.20984,0.22682,0.11864,0.03745,2.37868,4.87006,1.79451,0.00145246,0.00145246,0.00145246
15,314.554,2.36849,4.74106,1.58877,0.15785,0.14253,0.10476,0.03677,2.3878,5.82954,1.77972,0.00143595,0.00143595,0.00143595
16,343.458,2.36945,4.57577,1.61952,0.1895,0.14079,0.1096,0.03913,2.30279,5.10237,1.79467,0.00141945,0.00141945,0.00141945
17,370.362,2.37668,4.57442,1.64868,0.17358,0.22616,0.1222,0.0406,2.36993,4.67563,1.72255,0.00140295,0.00140295,0.00140295
18,396.811,2.34314,4.41162,1.60219,0.21037,0.19311,0.14077,0.04699,2.29655,4.85545,1.75006,0.00138644,0.00138644,0.00138644
19,420.343,2.34292,4.44618,1.62439,0.16054,0.22874,0.15156,0.0459,2.30625,5.00351,1.82492,0.00136994,0.00136994,0.00136994
20,440.903,2.36021,4.49115,1.58656,0.15956,0.35592,0.13184,0.04192,2.29596,8.46633,1.73136,0.00135344,0.00135344,0.00135344
21,460.18,2.3066,4.3708,1.54869,0.214,0.21906,0.142,0.04576,2.28922,4.75695,1.75546,0.00133693,0.00133693,0.00133693
22,481.944,2.33857,4.40702,1.5721,0.19694,0.18603,0.11065,0.03871,2.2401,5.79897,1.75065,0.00132043,0.00132043,0.00132043
23,503.341,2.30665,4.41157,1.60768,0.2552,0.27592,0.17211,0.05971,2.13125,4.74292,1.69661,0.00130393,0.00130393,0.00130393
24,522.829,2.32832,4.37057,1.58952,0.24154,0.31839,0.19431,0.06178,2.1662,5.4165,1.71564,0.00128742,0.00128742,0.00128742
25,544.087,2.28536,4.24614,1.57188,0.24053,0.25277,0.18089,0.05902,2.24053,4.79584,1.78444,0.00127092,0.00127092,0.00127092
26,565.776,2.33861,4.19077,1.53337,0.2626,0.30124,0.17532,0.05485,2.47079,4.79947,1.93671,0.00125442,0.00125442,0.00125442
27,586.876,2.27183,4.13228,1.55206,0.23731,0.36161,0.187,0.06003,2.31009,4.94067,1.76931,0.00123791,0.00123791,0.00123791
28,606.664,2.28725,4.20428,1.54733,0.25345,0.3412,0.18809,0.05926,2.23502,5.18845,1.72254,0.00122141,0.00122141,0.00122141
29,629.731,2.29652,4.24025,1.55969,0.22904,0.32895,0.19621,0.05731,2.24775,4.50806,1.74438,0.00120491,0.00120491,0.00120491
30,655.836,2.2439,4.04805,1.54551,0.26413,0.28509,0.19517,0.05843,2.21255,4.86647,1.74576,0.0011884,0.0011884,0.0011884
31,682.359,2.2768,4.15668,1.58201,0.21377,0.28824,0.16468,0.05006,2.25653,4.96721,1.80169,0.0011719,0.0011719,0.0011719
32,709.045,2.26085,4.06121,1.53975,0.2284,0.32702,0.16932,0.05533,2.09454,5.9416,1.70359,0.0011554,0.0011554,0.0011554
33,736.117,2.269,4.07047,1.53052,0.28707,0.323,0.20662,0.07254,2.16746,4.14931,1.6969,0.00113889,0.00113889,0.00113889
34,764.819,2.26805,3.98055,1.52787,0.40559,0.29698,0.20595,0.0683,2.21798,3.75045,1.72317,0.00112239,0.00112239,0.00112239
35,791.083,2.24002,4.142,1.54786,0.27835,0.29851,0.20625,0.06877,2.24381,4.16641,1.77095,0.00110589,0.00110589,0.00110589
36,817.068,2.29487,4.01361,1.50522,0.24274,0.27345,0.17101,0.06099,2.2786,5.03713,1.77153,0.00108938,0.00108938,0.00108938
37,844.316,2.21051,3.99924,1.51341,0.26314,0.21273,0.1749,0.05432,2.3741,5.41917,1.84147,0.00107288,0.00107288,0.00107288
38,871.826,2.18348,3.92257,1.4907,0.26453,0.24154,0.16984,0.05661,2.3461,4.90648,1.89083,0.00105638,0.00105638,0.00105638
39,900.515,2.21076,3.81674,1.49431,0.26672,0.29487,0.18366,0.05356,2.42881,5.05048,1.94117,0.00103987,0.00103987,0.00103987
40,929.169,2.25835,3.86779,1.51953,0.2657,0.27592,0.18434,0.05902,2.48715,5.42437,1.96327,0.00102337,0.00102337,0.00102337
41,958.338,2.19559,3.88853,1.4913,0.25536,0.32262,0.19071,0.05862,2.48796,4.3938,1.95148,0.00100687,0.00100687,0.00100687
42,985.515,2.20549,3.84512,1.4915,0.34208,0.33331,0.21663,0.07068,2.28197,3.90555,1.78995,0.000990365,0.000990365,0.000990365
43,1011.02,2.18547,3.87068,1.51205,0.25549,0.38675,0.22557,0.07305,2.30086,4.11844,1.76267,0.000973861,0.000973861,0.000973861
44,1039.63,2.17746,3.8353,1.51836,0.31164,0.32509,0.21981,0.06993,2.29804,3.97477,1.75821,0.000957358,0.000957358,0.000957358
45,1066.92,2.18447,3.7751,1.48076,0.29692,0.39706,0.25404,0.08201,2.27821,3.75305,1.78487,0.000940855,0.000940855,0.000940855
46,1095.86,2.21377,3.79878,1.49357,0.30209,0.35738,0.22743,0.07021,2.35396,4.03743,1.80866,0.000924352,0.000924352,0.000924352
47,1125.19,2.17746,3.73381,1.50188,0.2531,0.37775,0.21261,0.06968,2.39699,4.07513,1.8018,0.000907848,0.000907848,0.000907848
48,1151.29,2.15844,3.73582,1.49099,0.29241,0.30543,0.20548,0.06068,2.38787,4.06918,1.79167,0.000891345,0.000891345,0.000891345
49,1178.66,2.18368,3.73654,1.50648,0.29083,0.29243,0.18124,0.05874,2.35208,4.36974,1.77939,0.000874842,0.000874842,0.000874842
50,1204.93,2.15792,3.73142,1.49942,0.27003,0.27805,0.19305,0.06441,2.29899,4.24302,1.80477,0.000858338,0.000858338,0.000858338
51,1231.28,2.14509,3.6267,1.50359,0.32298,0.27839,0.23348,0.07371,2.34635,4.58021,1.83897,0.000841835,0.000841835,0.000841835
52,1252.19,2.13731,3.64937,1.50629,0.36956,0.28787,0.22659,0.07423,2.35276,4.36203,1.79801,0.000825332,0.000825332,0.000825332
53,1280.42,2.10799,3.59332,1.47536,0.29657,0.3289,0.20923,0.06897,2.42028,3.9294,1.87368,0.000808828,0.000808828,0.000808828
54,1308.79,2.19706,3.6604,1.49361,0.25768,0.3321,0.20439,0.06433,2.50829,3.7157,1.86641,0.000792325,0.000792325,0.000792325
55,1335.99,2.14766,3.55583,1.45917,0.23794,0.34052,0.2129,0.07169,2.52462,4.06002,2.02043,0.000775822,0.000775822,0.000775822
56,1363.2,2.10276,3.56138,1.46324,0.29618,0.29981,0.20322,0.06413,2.46678,4.30973,1.95564,0.000759318,0.000759318,0.000759318
57,1389.08,2.13533,3.48318,1.46191,0.23293,0.30563,0.19561,0.05917,2.51116,4.5763,1.93488,0.000742815,0.000742815,0.000742815
58,1412.66,2.13108,3.4093,1.43535,0.25752,0.26434,0.19031,0.05619,2.60572,4.66614,1.96299,0.000726312,0.000726312,0.000726312
59,1439.53,2.12279,3.51278,1.46822,0.30185,0.28015,0.20367,0.06605,2.61248,3.86325,1.99799,0.000709809,0.000709809,0.000709809
60,1465.94,2.14069,3.51315,1.47626,0.29583,0.31207,0.22086,0.06779,2.59208,4.0828,1.93322,0.000693305,0.000693305,0.000693305
61,1492.17,2.09721,3.46339,1.44876,0.3145,0.32963,0.23243,0.07298,2.36177,4.03085,1.78491,0.000676802,0.000676802,0.000676802
62,1520.39,2.06789,3.46283,1.47394,0.35895,0.28678,0.22857,0.06539,2.3616,4.65887,1.85178,0.000660299,0.000660299,0.000660299
63,1546.55,2.04576,3.38276,1.47677,0.32881,0.30682,0.22834,0.06933,2.43253,3.82719,1.8898,0.000643795,0.000643795,0.000643795
64,1572.81,2.08585,3.32212,1.46785,0.30587,0.3061,0.21135,0.06431,2.74964,4.59833,2.13967,0.000627292,0.000627292,0.000627292
65,1599.68,2.14719,3.59933,1.50768,0.27254,0.33281,0.22514,0.0726,2.43089,3.81277,1.89626,0.000610789,0.000610789,0.000610789
66,1625.79,2.10459,3.46838,1.46129,0.26513,0.30648,0.22511,0.07313,2.23559,4.02446,1.73337,0.000594286,0.000594286,0.000594286
67,1651.37,2.06878,3.37154,1.45665,0.28211,0.33315,0.2124,0.0674,2.42972,4.23441,1.87024,0.000577782,0.000577782,0.000577782
68,1677.65,2.0647,3.48905,1.49195,0.28391,0.28996,0.20224,0.06319,2.49037,4.00099,1.84642,0.000561279,0.000561279,0.000561279
69,1703.21,2.06321,3.33804,1.43395,0.28786,0.30015,0.19865,0.06392,2.41394,3.9724,1.92689,0.000544776,0.000544776,0.000544776
70,1731.08,2.06366,3.36317,1.46188,0.26565,0.37599,0.22261,0.06787,2.46219,3.777,1.96109,0.000528272,0.000528272,0.000528272
71,1757.41,2.04885,3.35332,1.4406,0.30989,0.32509,0.21164,0.06968,2.43136,3.81729,1.91916,0.000511769,0.000511769,0.000511769
72,1783.64,2.04644,3.26517,1.42762,0.37741,0.30086,0.23202,0.06928,2.4668,3.8729,1.96391,0.000495266,0.000495266,0.000495266
73,1807.54,2.06085,3.20501,1.40412,0.27227,0.28952,0.207,0.06561,2.68845,4.00594,2.0014,0.000478762,0.000478762,0.000478762
74,1834.52,2.08545,3.33915,1.41767,0.27597,0.32079,0.20631,0.06478,2.71605,3.85988,2.08707,0.000462259,0.000462259,0.000462259
75,1861.73,2.04433,3.2443,1.41608,0.33968,0.30438,0.22067,0.06752,2.51875,4.13746,2.01072,0.000445756,0.000445756,0.000445756
76,1889.92,1.99157,3.23475,1.43427,0.30922,0.31243,0.22206,0.06803,2.59577,4.15503,2.00184,0.000429253,0.000429253,0.000429253
77,1914.1,2.04342,3.28776,1.42948,0.31812,0.33315,0.21135,0.06667,2.49849,4.30967,1.96543,0.000412749,0.000412749,0.000412749
78,1942.44,2.00313,3.21672,1.42707,0.25796,0.33876,0.21364,0.06332,2.46496,4.91135,1.96207,0.000396246,0.000396246,0.000396246
79,1968.29,2.05785,3.34779,1.4413,0.36247,0.25934,0.21603,0.06858,2.51028,4.69756,1.94955,0.000379743,0.000379743,0.000379743
80,1996.37,1.97248,3.12226,1.39196,0.39991,0.297,0.23641,0.07689,2.48133,3.95733,1.93436,0.000363239,0.000363239,0.000363239
81,2024.45,1.97189,3.11242,1.4267,0.33553,0.3197,0.23446,0.0725,2.55648,4.21516,1.9833,0.000346736,0.000346736,0.000346736
82,2052.39,1.99722,3.17427,1.41789,0.34401,0.27429,0.23087,0.07562,2.57022,4.62128,1.98156,0.000330233,0.000330233,0.000330233
83,2079.31,1.99169,3.05231,1.39608,0.31072,0.30963,0.2286,0.07097,2.51859,4.71646,1.9735,0.000313729,0.000313729,0.000313729
84,2105.88,1.99124,3.06175,1.37707,0.4029,0.28858,0.22446,0.0715,2.62839,4.14601,1.99605,0.000297226,0.000297226,0.000297226
85,2132.6,2.02049,3.12477,1.40052,0.38233,0.30262,0.23156,0.07567,2.59852,3.98639,1.96363,0.000280723,0.000280723,0.000280723
86,2161.11,1.9835,3.08729,1.3934,0.27983,0.35176,0.23167,0.06911,2.75144,3.95333,2.09018,0.00026422,0.00026422,0.00026422
87,2188.19,1.93864,3.0072,1.38162,0.33665,0.32261,0.21714,0.06558,2.85384,3.93589,2.1789,0.000247716,0.000247716,0.000247716
88,2214.24,1.94277,3.07777,1.41543,0.34908,0.31114,0.20024,0.0656,2.69871,4.20809,2.0207,0.000231213,0.000231213,0.000231213
89,2242.41,1.9501,3.10314,1.41029,0.35572,0.30074,0.20879,0.06737,2.64457,4.41464,1.98802,0.00021471,0.00021471,0.00021471
90,2270.62,1.98343,3.10882,1.42483,0.36164,0.30086,0.20905,0.06926,2.69553,4.27494,2.05706,0.000198206,0.000198206,0.000198206
91,2294.98,2.01587,3.55285,1.48045,0.37566,0.28015,0.21595,0.06777,2.75511,4.35995,2.13232,0.000181703,0.000181703,0.000181703
92,2321.36,2.00089,3.3822,1.48634,0.3609,0.29243,0.20616,0.06607,2.87206,4.38682,2.23479,0.0001652,0.0001652,0.0001652
93,2348.22,1.90868,3.12884,1.4632,0.31838,0.297,0.21979,0.07037,2.54902,4.41731,1.97513,0.000148696,0.000148696,0.000148696
94,2373.27,1.93636,3.09554,1.4814,0.38748,0.28393,0.21812,0.07331,2.42399,4.21441,1.90887,0.000132193,0.000132193,0.000132193
95,2398.75,1.85907,2.96383,1.42711,0.36245,0.31066,0.21868,0.07273,2.46809,3.9775,1.98456,0.00011569,0.00011569,0.00011569
